,rgi_reg,temp_ch_ipcc,resp_time_-50%
0,RGI01,-0.2035287736460141,
1,RGI01,-0.1919133257011854,
2,RGI01,0.0233736138284338,77.0
3,RGI01,0.0416562514146835,77.0
4,RGI01,0.1309476951352631,
5,RGI01,0.1714087884401599,71.0
6,RGI01,0.177421026244157,
7,RGI01,0.1924779717488781,
8,RGI01,0.2428923844731737,
9,RGI01,0.2930089022449859,72.0
10,RGI01,0.2935286605061203,
11,RGI01,0.3130946460350731,
12,RGI01,0.3226520320932923,
13,RGI01,0.3322811293371855,75.5
14,RGI01,0.4182885643249491,65.0
15,RGI01,0.8414667339962786,68.0
16,RGI01,0.8449395549636868,64.0
17,RGI01,0.8533131458033562,70.5
18,RGI01,0.8622489478058092,69.0
19,RGI01,0.9987674077643272,64.0
20,RGI01,1.4091135287002734,56.5
21,RGI01,1.4285639337566964,52.0
22,RGI01,1.4337790687750325,60.5
23,RGI01,1.4337916253328808,46.5
24,RGI01,1.4683027574212977,56.5
25,RGI01,1.4698023875255355,50.0
26,RGI01,1.576714986028974,48.5
27,RGI01,1.596830649489223,51.5
28,RGI01,1.5999956464695364,47.0
29,RGI01,1.6049099413881018,45.5
30,RGI01,1.6181632715811345,48.0
31,RGI01,1.618749771523805,45.5
32,RGI01,1.6244760802167617,42.0
33,RGI01,1.6356898951470908,46.0
34,RGI01,1.6454887108734946,52.0
35,RGI01,1.6663241376269964,53.0
36,RGI01,1.670055607540898,42.5
37,RGI01,1.851734678845783,50.0
38,RGI01,1.887787940884185,47.5
39,RGI01,1.936245046811256,48.0
40,RGI01,1.9890754668449475,40.0
41,RGI01,1.9896075314919832,44.0
42,RGI01,2.0312659163195166,53.5
43,RGI01,2.032677030991532,44.5
44,RGI01,2.0796524250416253,42.5
45,RGI01,2.1112205231308154,38.0
46,RGI01,2.116143897725037,41.0
47,RGI01,2.129115489502097,42.5
48,RGI01,2.131208340613269,34.0
49,RGI01,2.2597325111266047,40.0
50,RGI01,2.2633173057330724,45.0
51,RGI01,2.344955505633247,42.0
52,RGI01,2.5348271367994477,32.0
53,RGI01,2.627006726396547,38.0
54,RGI01,2.658961154542893,36.5
55,RGI01,2.679834875299014,30.0
56,RGI01,2.7541615409733486,35.0
57,RGI01,2.783937216517189,31.0
58,RGI01,2.8903469538244115,37.0
59,RGI01,2.891472321285355,31.0
60,RGI01,2.978482494458876,27.0
61,RGI01,2.988039247761285,33.0
62,RGI01,3.045613246951532,36.0
63,RGI01,3.354119753355767,26.0
64,RGI01,3.3945105505178423,29.0
65,RGI01,3.453114748093524,25.0
66,RGI01,3.4723191142029632,29.0
67,RGI01,3.481685753482952,31.0
68,RGI01,3.586967337572662,25.0
69,RGI01,3.751452139882864,30.0
70,RGI01,3.9307986846486527,25.0
71,RGI01,3.941455331400753,27.0
72,RGI01,4.10009837781178,21.0
73,RGI01,4.37997677800201,21.0
74,RGI01,4.534325025231115,27.0
75,RGI01,4.617751174879019,20.0
76,RGI01,5.17054329301376,18.0
77,RGI01,5.780495049230715,17.0
78,RGI01,5.78930497817028,17.0
79,RGI01,6.824360785697311,14.0
80,RGI02,-0.2035287736460141,
81,RGI02,-0.1919133257011854,61.5
82,RGI02,0.0233736138284338,46.0
83,RGI02,0.0416562514146835,54.0
84,RGI02,0.1309476951352631,43.5
85,RGI02,0.1714087884401599,36.5
86,RGI02,0.177421026244157,49.0
87,RGI02,0.1924779717488781,36.0
88,RGI02,0.2428923844731737,55.5
89,RGI02,0.2930089022449859,52.0
90,RGI02,0.2935286605061203,51.5
91,RGI02,0.3130946460350731,38.5
92,RGI02,0.3226520320932923,49.5
93,RGI02,0.3322811293371855,43.5
94,RGI02,0.4182885643249491,37.0
95,RGI02,0.8414667339962786,40.0
96,RGI02,0.8449395549636868,31.0
97,RGI02,0.8533131458033562,35.0
98,RGI02,0.8622489478058092,34.0
99,RGI02,0.9987674077643272,31.0
100,RGI02,1.4091135287002734,25.5
101,RGI02,1.4285639337566964,27.0
102,RGI02,1.4337790687750325,28.5
103,RGI02,1.4337916253328808,24.5
104,RGI02,1.4683027574212977,27.5
105,RGI02,1.4698023875255355,28.5
106,RGI02,1.576714986028974,20.5
107,RGI02,1.596830649489223,24.0
108,RGI02,1.5999956464695364,22.5
109,RGI02,1.6049099413881018,18.0
110,RGI02,1.6181632715811345,19.0
111,RGI02,1.618749771523805,21.5
112,RGI02,1.6244760802167617,19.0
113,RGI02,1.6356898951470908,21.0
114,RGI02,1.6454887108734946,20.5
115,RGI02,1.6663241376269964,23.0
116,RGI02,1.670055607540898,20.0
117,RGI02,1.851734678845783,20.0
118,RGI02,1.887787940884185,19.5
119,RGI02,1.936245046811256,20.5
120,RGI02,1.9890754668449475,16.0
121,RGI02,1.9896075314919832,19.5
122,RGI02,2.0312659163195166,20.5
123,RGI02,2.032677030991532,19.5
124,RGI02,2.0796524250416253,18.5
125,RGI02,2.1112205231308154,15.0
126,RGI02,2.116143897725037,16.0
127,RGI02,2.129115489502097,18.5
128,RGI02,2.131208340613269,14.0
129,RGI02,2.2597325111266047,15.5
130,RGI02,2.2633173057330724,15.5
131,RGI02,2.344955505633247,18.0
132,RGI02,2.5348271367994477,14.0
133,RGI02,2.627006726396547,15.0
134,RGI02,2.658961154542893,15.0
135,RGI02,2.679834875299014,11.5
136,RGI02,2.7541615409733486,15.0
137,RGI02,2.783937216517189,11.0
138,RGI02,2.8903469538244115,14.0
139,RGI02,2.891472321285355,11.0
140,RGI02,2.978482494458876,10.5
141,RGI02,2.988039247761285,14.0
142,RGI02,3.045613246951532,15.0
143,RGI02,3.354119753355767,10.0
144,RGI02,3.3945105505178423,11.0
145,RGI02,3.453114748093524,9.5
146,RGI02,3.4723191142029632,10.5
147,RGI02,3.481685753482952,12.0
148,RGI02,3.586967337572662,10.0
149,RGI02,3.751452139882864,11.0
150,RGI02,3.9307986846486527,9.0
151,RGI02,3.941455331400753,10.5
152,RGI02,4.10009837781178,8.0
153,RGI02,4.37997677800201,7.0
154,RGI02,4.534325025231115,9.0
155,RGI02,4.617751174879019,6.5
156,RGI02,5.17054329301376,6.0
157,RGI02,5.780495049230715,5.0
158,RGI02,5.78930497817028,5.5
159,RGI02,6.824360785697311,4.5
160,RGI03,-0.2035287736460141,384.0
161,RGI03,-0.1919133257011854,378.0
162,RGI03,0.0233736138284338,409.0
163,RGI03,0.0416562514146835,386.0
164,RGI03,0.1309476951352631,370.0
165,RGI03,0.1714087884401599,368.0
166,RGI03,0.177421026244157,383.0
167,RGI03,0.1924779717488781,322.0
168,RGI03,0.2428923844731737,332.0
169,RGI03,0.2930089022449859,420.0
170,RGI03,0.2935286605061203,362.0
171,RGI03,0.3130946460350731,415.0
172,RGI03,0.3226520320932923,354.5
173,RGI03,0.3322811293371855,374.0
174,RGI03,0.4182885643249491,360.0
175,RGI03,0.8414667339962786,250.5
176,RGI03,0.8449395549636868,302.0
177,RGI03,0.8533131458033562,221.0
178,RGI03,0.8622489478058092,242.0
179,RGI03,0.9987674077643272,283.0
180,RGI03,1.4091135287002734,262.0
181,RGI03,1.4285639337566964,214.5
182,RGI03,1.4337790687750325,249.0
183,RGI03,1.4337916253328808,269.0
184,RGI03,1.4683027574212977,270.5
185,RGI03,1.4698023875255355,198.5
186,RGI03,1.576714986028974,202.0
187,RGI03,1.596830649489223,188.0
188,RGI03,1.5999956464695364,253.5
189,RGI03,1.6049099413881018,203.0
190,RGI03,1.6181632715811345,264.0
191,RGI03,1.618749771523805,198.5
192,RGI03,1.6244760802167617,192.0
193,RGI03,1.6356898951470908,260.0
194,RGI03,1.6454887108734946,246.0
195,RGI03,1.6663241376269964,186.5
196,RGI03,1.670055607540898,195.5
197,RGI03,1.851734678845783,270.5
198,RGI03,1.887787940884185,246.0
199,RGI03,1.936245046811256,180.0
200,RGI03,1.9890754668449475,183.0
201,RGI03,1.9896075314919832,193.0
202,RGI03,2.0312659163195166,233.0
203,RGI03,2.032677030991532,226.0
204,RGI03,2.0796524250416253,237.5
205,RGI03,2.1112205231308154,156.0
206,RGI03,2.116143897725037,202.0
207,RGI03,2.129115489502097,187.0
208,RGI03,2.131208340613269,157.0
209,RGI03,2.2597325111266047,187.0
210,RGI03,2.2633173057330724,179.0
211,RGI03,2.344955505633247,121.0
212,RGI03,2.5348271367994477,156.0
213,RGI03,2.627006726396547,129.0
214,RGI03,2.658961154542893,198.0
215,RGI03,2.679834875299014,145.0
216,RGI03,2.7541615409733486,160.0
217,RGI03,2.783937216517189,150.0
218,RGI03,2.8903469538244115,147.0
219,RGI03,2.891472321285355,126.0
220,RGI03,2.978482494458876,117.0
221,RGI03,2.988039247761285,141.0
222,RGI03,3.045613246951532,106.0
223,RGI03,3.354119753355767,115.0
224,RGI03,3.3945105505178423,181.0
225,RGI03,3.453114748093524,107.0
226,RGI03,3.4723191142029632,155.0
227,RGI03,3.481685753482952,117.5
228,RGI03,3.586967337572662,99.0
229,RGI03,3.751452139882864,105.5
230,RGI03,3.9307986846486527,157.0
231,RGI03,3.941455331400753,110.0
232,RGI03,4.10009837781178,84.0
233,RGI03,4.37997677800201,73.0
234,RGI03,4.534325025231115,91.0
235,RGI03,4.617751174879019,74.0
236,RGI03,5.17054329301376,66.0
237,RGI03,5.780495049230715,61.0
238,RGI03,5.78930497817028,56.0
239,RGI03,6.824360785697311,42.0
240,RGI04,-0.2035287736460141,258.5
241,RGI04,-0.1919133257011854,170.0
242,RGI04,0.0233736138284338,239.0
243,RGI04,0.0416562514146835,310.0
244,RGI04,0.1309476951352631,304.0
245,RGI04,0.1714087884401599,257.0
246,RGI04,0.177421026244157,273.0
247,RGI04,0.1924779717488781,291.0
248,RGI04,0.2428923844731737,172.0
249,RGI04,0.2930089022449859,240.5
250,RGI04,0.2935286605061203,244.0
251,RGI04,0.3130946460350731,310.5
252,RGI04,0.3226520320932923,277.0
253,RGI04,0.3322811293371855,166.0
254,RGI04,0.4182885643249491,149.0
255,RGI04,0.8414667339962786,140.0
256,RGI04,0.8449395549636868,151.0
257,RGI04,0.8533131458033562,147.0
258,RGI04,0.8622489478058092,170.0
259,RGI04,0.9987674077643272,138.0
260,RGI04,1.4091135287002734,125.0
261,RGI04,1.4285639337566964,122.0
262,RGI04,1.4337790687750325,102.0
263,RGI04,1.4337916253328808,107.0
264,RGI04,1.4683027574212977,111.0
265,RGI04,1.4698023875255355,102.0
266,RGI04,1.576714986028974,95.0
267,RGI04,1.596830649489223,113.0
268,RGI04,1.5999956464695364,114.0
269,RGI04,1.6049099413881018,104.0
270,RGI04,1.6181632715811345,117.0
271,RGI04,1.618749771523805,114.0
272,RGI04,1.6244760802167617,97.0
273,RGI04,1.6356898951470908,122.0
274,RGI04,1.6454887108734946,101.0
275,RGI04,1.6663241376269964,87.0
276,RGI04,1.670055607540898,105.0
277,RGI04,1.851734678845783,105.0
278,RGI04,1.887787940884185,103.0
279,RGI04,1.936245046811256,87.0
280,RGI04,1.9890754668449475,75.0
281,RGI04,1.9896075314919832,106.0
282,RGI04,2.0312659163195166,87.0
283,RGI04,2.032677030991532,94.0
284,RGI04,2.0796524250416253,107.0
285,RGI04,2.1112205231308154,60.0
286,RGI04,2.116143897725037,82.0
287,RGI04,2.129115489502097,80.0
288,RGI04,2.131208340613269,64.0
289,RGI04,2.2597325111266047,78.0
290,RGI04,2.2633173057330724,82.0
291,RGI04,2.344955505633247,71.0
292,RGI04,2.5348271367994477,69.0
293,RGI04,2.627006726396547,53.0
294,RGI04,2.658961154542893,80.0
295,RGI04,2.679834875299014,57.0
296,RGI04,2.7541615409733486,73.0
297,RGI04,2.783937216517189,54.0
298,RGI04,2.8903469538244115,77.0
299,RGI04,2.891472321285355,49.0
300,RGI04,2.978482494458876,48.0
301,RGI04,2.988039247761285,64.0
302,RGI04,3.045613246951532,55.0
303,RGI04,3.354119753355767,49.0
304,RGI04,3.3945105505178423,90.0
305,RGI04,3.453114748093524,38.0
306,RGI04,3.4723191142029632,65.0
307,RGI04,3.481685753482952,47.0
308,RGI04,3.586967337572662,46.0
309,RGI04,3.751452139882864,45.0
310,RGI04,3.9307986846486527,70.0
311,RGI04,3.941455331400753,56.0
312,RGI04,4.10009837781178,28.0
313,RGI04,4.37997677800201,38.0
314,RGI04,4.534325025231115,36.0
315,RGI04,4.617751174879019,25.0
316,RGI04,5.17054329301376,31.0
317,RGI04,5.780495049230715,25.0
318,RGI04,5.78930497817028,20.0
319,RGI04,6.824360785697311,19.0
320,RGI05,-0.2035287736460141,269.0
321,RGI05,-0.1919133257011854,253.5
322,RGI05,0.0233736138284338,249.0
323,RGI05,0.0416562514146835,238.0
324,RGI05,0.1309476951352631,237.0
325,RGI05,0.1714087884401599,211.0
326,RGI05,0.177421026244157,
327,RGI05,0.1924779717488781,223.0
328,RGI05,0.2428923844731737,200.5
329,RGI05,0.2930089022449859,211.0
330,RGI05,0.2935286605061203,307.0
331,RGI05,0.3130946460350731,170.0
332,RGI05,0.3226520320932923,204.0
333,RGI05,0.3322811293371855,183.0
334,RGI05,0.4182885643249491,167.0
335,RGI05,0.8414667339962786,164.0
336,RGI05,0.8449395549636868,167.0
337,RGI05,0.8533131458033562,166.0
338,RGI05,0.8622489478058092,183.0
339,RGI05,0.9987674077643272,134.5
340,RGI05,1.4091135287002734,162.0
341,RGI05,1.4285639337566964,138.5
342,RGI05,1.4337790687750325,145.0
343,RGI05,1.4337916253328808,127.0
344,RGI05,1.4683027574212977,161.0
345,RGI05,1.4698023875255355,118.0
346,RGI05,1.576714986028974,123.0
347,RGI05,1.596830649489223,131.0
348,RGI05,1.5999956464695364,151.5
349,RGI05,1.6049099413881018,118.0
350,RGI05,1.6181632715811345,140.5
351,RGI05,1.618749771523805,143.5
352,RGI05,1.6244760802167617,135.0
353,RGI05,1.6356898951470908,151.0
354,RGI05,1.6454887108734946,115.0
355,RGI05,1.6663241376269964,103.0
356,RGI05,1.670055607540898,144.5
357,RGI05,1.851734678845783,143.0
358,RGI05,1.887787940884185,131.0
359,RGI05,1.936245046811256,109.0
360,RGI05,1.9890754668449475,124.5
361,RGI05,1.9896075314919832,115.0
362,RGI05,2.0312659163195166,146.5
363,RGI05,2.032677030991532,122.0
364,RGI05,2.0796524250416253,144.0
365,RGI05,2.1112205231308154,86.0
366,RGI05,2.116143897725037,75.5
367,RGI05,2.129115489502097,102.0
368,RGI05,2.131208340613269,86.0
369,RGI05,2.2597325111266047,70.5
370,RGI05,2.2633173057330724,75.5
371,RGI05,2.344955505633247,96.0
372,RGI05,2.5348271367994477,95.0
373,RGI05,2.627006726396547,76.0
374,RGI05,2.658961154542893,104.0
375,RGI05,2.679834875299014,64.5
376,RGI05,2.7541615409733486,89.0
377,RGI05,2.783937216517189,72.0
378,RGI05,2.8903469538244115,92.0
379,RGI05,2.891472321285355,54.0
380,RGI05,2.978482494458876,49.5
381,RGI05,2.988039247761285,88.0
382,RGI05,3.045613246951532,71.0
383,RGI05,3.354119753355767,49.0
384,RGI05,3.3945105505178423,89.0
385,RGI05,3.453114748093524,63.0
386,RGI05,3.4723191142029632,65.0
387,RGI05,3.481685753482952,55.0
388,RGI05,3.586967337572662,47.5
389,RGI05,3.751452139882864,44.0
390,RGI05,3.9307986846486527,72.5
391,RGI05,3.941455331400753,55.0
392,RGI05,4.10009837781178,48.0
393,RGI05,4.37997677800201,39.5
394,RGI05,4.534325025231115,39.0
395,RGI05,4.617751174879019,37.0
396,RGI05,5.17054329301376,33.0
397,RGI05,5.780495049230715,28.0
398,RGI05,5.78930497817028,26.0
399,RGI05,6.824360785697311,22.5
400,RGI06,-0.2035287736460141,
401,RGI06,-0.1919133257011854,
402,RGI06,0.0233736138284338,218.5
403,RGI06,0.0416562514146835,219.0
404,RGI06,0.1309476951352631,144.0
405,RGI06,0.1714087884401599,201.5
406,RGI06,0.177421026244157,148.0
407,RGI06,0.1924779717488781,
408,RGI06,0.2428923844731737,266.0
409,RGI06,0.2930089022449859,129.0
410,RGI06,0.2935286605061203,
411,RGI06,0.3130946460350731,151.0
412,RGI06,0.3226520320932923,199.5
413,RGI06,0.3322811293371855,131.0
414,RGI06,0.4182885643249491,193.5
415,RGI06,0.8414667339962786,185.0
416,RGI06,0.8449395549636868,183.5
417,RGI06,0.8533131458033562,173.5
418,RGI06,0.8622489478058092,177.0
419,RGI06,0.9987674077643272,105.0
420,RGI06,1.4091135287002734,129.5
421,RGI06,1.4285639337566964,115.0
422,RGI06,1.4337790687750325,132.5
423,RGI06,1.4337916253328808,117.0
424,RGI06,1.4683027574212977,107.0
425,RGI06,1.4698023875255355,102.0
426,RGI06,1.576714986028974,103.0
427,RGI06,1.596830649489223,104.0
428,RGI06,1.5999956464695364,91.0
429,RGI06,1.6049099413881018,95.0
430,RGI06,1.6181632715811345,102.0
431,RGI06,1.618749771523805,149.0
432,RGI06,1.6244760802167617,153.5
433,RGI06,1.6356898951470908,104.0
434,RGI06,1.6454887108734946,68.0
435,RGI06,1.6663241376269964,74.0
436,RGI06,1.670055607540898,119.0
437,RGI06,1.851734678845783,69.0
438,RGI06,1.887787940884185,134.0
439,RGI06,1.936245046811256,83.0
440,RGI06,1.9890754668449475,95.0
441,RGI06,1.9896075314919832,78.0
442,RGI06,2.0312659163195166,108.0
443,RGI06,2.032677030991532,96.0
444,RGI06,2.0796524250416253,94.0
445,RGI06,2.1112205231308154,80.0
446,RGI06,2.116143897725037,49.0
447,RGI06,2.129115489502097,89.0
448,RGI06,2.131208340613269,83.0
449,RGI06,2.2597325111266047,55.0
450,RGI06,2.2633173057330724,47.0
451,RGI06,2.344955505633247,57.0
452,RGI06,2.5348271367994477,65.0
453,RGI06,2.627006726396547,47.0
454,RGI06,2.658961154542893,82.0
455,RGI06,2.679834875299014,42.0
456,RGI06,2.7541615409733486,61.0
457,RGI06,2.783937216517189,57.0
458,RGI06,2.8903469538244115,70.0
459,RGI06,2.891472321285355,34.0
460,RGI06,2.978482494458876,29.0
461,RGI06,2.988039247761285,73.0
462,RGI06,3.045613246951532,48.0
463,RGI06,3.354119753355767,31.0
464,RGI06,3.3945105505178423,63.0
465,RGI06,3.453114748093524,53.0
466,RGI06,3.4723191142029632,50.0
467,RGI06,3.481685753482952,52.0
468,RGI06,3.586967337572662,32.0
469,RGI06,3.751452139882864,50.0
470,RGI06,3.9307986846486527,58.0
471,RGI06,3.941455331400753,49.0
472,RGI06,4.10009837781178,36.0
473,RGI06,4.37997677800201,23.0
474,RGI06,4.534325025231115,42.0
475,RGI06,4.617751174879019,33.0
476,RGI06,5.17054329301376,19.0
477,RGI06,5.780495049230715,15.0
478,RGI06,5.78930497817028,23.0
479,RGI06,6.824360785697311,13.0
480,RGI07,-0.2035287736460141,
481,RGI07,-0.1919133257011854,
482,RGI07,0.0233736138284338,121.0
483,RGI07,0.0416562514146835,120.0
484,RGI07,0.1309476951352631,123.0
485,RGI07,0.1714087884401599,159.0
486,RGI07,0.177421026244157,114.0
487,RGI07,0.1924779717488781,108.0
488,RGI07,0.2428923844731737,
489,RGI07,0.2930089022449859,192.0
490,RGI07,0.2935286605061203,101.0
491,RGI07,0.3130946460350731,90.0
492,RGI07,0.3226520320932923,106.0
493,RGI07,0.3322811293371855,184.0
494,RGI07,0.4182885643249491,172.0
495,RGI07,0.8414667339962786,163.5
496,RGI07,0.8449395549636868,202.0
497,RGI07,0.8533131458033562,166.5
498,RGI07,0.8622489478058092,159.5
499,RGI07,0.9987674077643272,168.0
500,RGI07,1.4091135287002734,133.5
501,RGI07,1.4285639337566964,140.0
502,RGI07,1.4337790687750325,103.0
503,RGI07,1.4337916253328808,119.0
504,RGI07,1.4683027574212977,107.0
505,RGI07,1.4698023875255355,130.0
506,RGI07,1.576714986028974,96.0
507,RGI07,1.596830649489223,81.0
508,RGI07,1.5999956464695364,97.0
509,RGI07,1.6049099413881018,114.0
510,RGI07,1.6181632715811345,100.0
511,RGI07,1.618749771523805,125.0
512,RGI07,1.6244760802167617,108.0
513,RGI07,1.6356898951470908,78.0
514,RGI07,1.6454887108734946,91.0
515,RGI07,1.6663241376269964,83.0
516,RGI07,1.670055607540898,112.0
517,RGI07,1.851734678845783,78.0
518,RGI07,1.887787940884185,95.0
519,RGI07,1.936245046811256,78.0
520,RGI07,1.9890754668449475,79.0
521,RGI07,1.9896075314919832,97.0
522,RGI07,2.0312659163195166,69.0
523,RGI07,2.032677030991532,65.0
524,RGI07,2.0796524250416253,74.0
525,RGI07,2.1112205231308154,72.0
526,RGI07,2.116143897725037,40.0
527,RGI07,2.129115489502097,102.0
528,RGI07,2.131208340613269,71.0
529,RGI07,2.2597325111266047,34.0
530,RGI07,2.2633173057330724,35.0
531,RGI07,2.344955505633247,68.0
532,RGI07,2.5348271367994477,71.0
533,RGI07,2.627006726396547,51.0
534,RGI07,2.658961154542893,74.0
535,RGI07,2.679834875299014,21.0
536,RGI07,2.7541615409733486,74.0
537,RGI07,2.783937216517189,68.0
538,RGI07,2.8903469538244115,75.0
539,RGI07,2.891472321285355,19.0
540,RGI07,2.978482494458876,19.0
541,RGI07,2.988039247761285,86.0
542,RGI07,3.045613246951532,43.0
543,RGI07,3.354119753355767,19.0
544,RGI07,3.3945105505178423,51.0
545,RGI07,3.453114748093524,49.0
546,RGI07,3.4723191142029632,68.0
547,RGI07,3.481685753482952,44.0
548,RGI07,3.586967337572662,17.0
549,RGI07,3.751452139882864,43.0
550,RGI07,3.9307986846486527,40.0
551,RGI07,3.941455331400753,55.0
552,RGI07,4.10009837781178,43.0
553,RGI07,4.37997677800201,15.0
554,RGI07,4.534325025231115,33.0
555,RGI07,4.617751174879019,35.0
556,RGI07,5.17054329301376,12.0
557,RGI07,5.780495049230715,10.0
558,RGI07,5.78930497817028,24.0
559,RGI07,6.824360785697311,9.0
560,RGI08,-0.2035287736460141,
561,RGI08,-0.1919133257011854,
562,RGI08,0.0233736138284338,
563,RGI08,0.0416562514146835,
564,RGI08,0.1309476951352631,
565,RGI08,0.1714087884401599,86.0
566,RGI08,0.177421026244157,
567,RGI08,0.1924779717488781,146.5
568,RGI08,0.2428923844731737,
569,RGI08,0.2930089022449859,130.0
570,RGI08,0.2935286605061203,
571,RGI08,0.3130946460350731,128.0
572,RGI08,0.3226520320932923,
573,RGI08,0.3322811293371855,115.0
574,RGI08,0.4182885643249491,116.0
575,RGI08,0.8414667339962786,107.0
576,RGI08,0.8449395549636868,104.0
577,RGI08,0.8533131458033562,102.0
578,RGI08,0.8622489478058092,82.5
579,RGI08,0.9987674077643272,72.0
580,RGI08,1.4091135287002734,56.0
581,RGI08,1.4285639337566964,74.0
582,RGI08,1.4337790687750325,54.5
583,RGI08,1.4337916253328808,71.5
584,RGI08,1.4683027574212977,61.5
585,RGI08,1.4698023875255355,61.0
586,RGI08,1.576714986028974,66.5
587,RGI08,1.596830649489223,72.5
588,RGI08,1.5999956464695364,53.0
589,RGI08,1.6049099413881018,59.0
590,RGI08,1.6181632715811345,83.5
591,RGI08,1.618749771523805,63.0
592,RGI08,1.6244760802167617,63.5
593,RGI08,1.6356898951470908,54.5
594,RGI08,1.6454887108734946,49.0
595,RGI08,1.6663241376269964,50.0
596,RGI08,1.670055607540898,70.0
597,RGI08,1.851734678845783,44.5
598,RGI08,1.887787940884185,86.5
599,RGI08,1.936245046811256,43.5
600,RGI08,1.9890754668449475,54.0
601,RGI08,1.9896075314919832,46.5
602,RGI08,2.0312659163195166,67.0
603,RGI08,2.032677030991532,49.0
604,RGI08,2.0796524250416253,45.5
605,RGI08,2.1112205231308154,40.0
606,RGI08,2.116143897725037,26.5
607,RGI08,2.129115489502097,45.0
608,RGI08,2.131208340613269,44.0
609,RGI08,2.2597325111266047,27.0
610,RGI08,2.2633173057330724,29.5
611,RGI08,2.344955505633247,33.5
612,RGI08,2.5348271367994477,32.5
613,RGI08,2.627006726396547,24.0
614,RGI08,2.658961154542893,32.5
615,RGI08,2.679834875299014,21.0
616,RGI08,2.7541615409733486,26.5
617,RGI08,2.783937216517189,25.0
618,RGI08,2.8903469538244115,23.5
619,RGI08,2.891472321285355,16.0
620,RGI08,2.978482494458876,15.0
621,RGI08,2.988039247761285,37.0
622,RGI08,3.045613246951532,26.0
623,RGI08,3.354119753355767,15.5
624,RGI08,3.3945105505178423,22.0
625,RGI08,3.453114748093524,25.5
626,RGI08,3.4723191142029632,22.0
627,RGI08,3.481685753482952,28.5
628,RGI08,3.586967337572662,15.5
629,RGI08,3.751452139882864,27.5
630,RGI08,3.9307986846486527,18.5
631,RGI08,3.941455331400753,20.5
632,RGI08,4.10009837781178,15.5
633,RGI08,4.37997677800201,11.5
634,RGI08,4.534325025231115,26.5
635,RGI08,4.617751174879019,12.0
636,RGI08,5.17054329301376,9.0
637,RGI08,5.780495049230715,7.5
638,RGI08,5.78930497817028,9.5
639,RGI08,6.824360785697311,6.0
640,RGI09,-0.2035287736460141,
641,RGI09,-0.1919133257011854,
642,RGI09,0.0233736138284338,163.0
643,RGI09,0.0416562514146835,145.0
644,RGI09,0.1309476951352631,169.0
645,RGI09,0.1714087884401599,203.0
646,RGI09,0.177421026244157,157.0
647,RGI09,0.1924779717488781,174.0
648,RGI09,0.2428923844731737,
649,RGI09,0.2930089022449859,143.5
650,RGI09,0.2935286605061203,144.5
651,RGI09,0.3130946460350731,198.0
652,RGI09,0.3226520320932923,186.0
653,RGI09,0.3322811293371855,224.0
654,RGI09,0.4182885643249491,222.0
655,RGI09,0.8414667339962786,240.0
656,RGI09,0.8449395549636868,252.0
657,RGI09,0.8533131458033562,246.0
658,RGI09,0.8622489478058092,226.0
659,RGI09,0.9987674077643272,209.0
660,RGI09,1.4091135287002734,208.0
661,RGI09,1.4285639337566964,196.0
662,RGI09,1.4337790687750325,173.0
663,RGI09,1.4337916253328808,186.0
664,RGI09,1.4683027574212977,192.0
665,RGI09,1.4698023875255355,195.0
666,RGI09,1.576714986028974,149.0
667,RGI09,1.596830649489223,156.0
668,RGI09,1.5999956464695364,159.0
669,RGI09,1.6049099413881018,171.0
670,RGI09,1.6181632715811345,143.0
671,RGI09,1.618749771523805,194.0
672,RGI09,1.6244760802167617,165.0
673,RGI09,1.6356898951470908,175.0
674,RGI09,1.6454887108734946,138.0
675,RGI09,1.6663241376269964,124.0
676,RGI09,1.670055607540898,173.0
677,RGI09,1.851734678845783,104.0
678,RGI09,1.887787940884185,105.0
679,RGI09,1.936245046811256,83.0
680,RGI09,1.9890754668449475,92.0
681,RGI09,1.9896075314919832,160.0
682,RGI09,2.0312659163195166,77.0
683,RGI09,2.032677030991532,138.0
684,RGI09,2.0796524250416253,158.0
685,RGI09,2.1112205231308154,75.0
686,RGI09,2.116143897725037,81.0
687,RGI09,2.129115489502097,152.0
688,RGI09,2.131208340613269,77.0
689,RGI09,2.2597325111266047,61.0
690,RGI09,2.2633173057330724,63.0
691,RGI09,2.344955505633247,80.0
692,RGI09,2.5348271367994477,69.0
693,RGI09,2.627006726396547,66.0
694,RGI09,2.658961154542893,129.0
695,RGI09,2.679834875299014,51.0
696,RGI09,2.7541615409733486,109.0
697,RGI09,2.783937216517189,65.0
698,RGI09,2.8903469538244115,126.0
699,RGI09,2.891472321285355,43.0
700,RGI09,2.978482494458876,37.0
701,RGI09,2.988039247761285,104.0
702,RGI09,3.045613246951532,63.0
703,RGI09,3.354119753355767,52.0
704,RGI09,3.3945105505178423,104.0
705,RGI09,3.453114748093524,50.0
706,RGI09,3.4723191142029632,86.0
707,RGI09,3.481685753482952,55.0
708,RGI09,3.586967337572662,33.0
709,RGI09,3.751452139882864,59.0
710,RGI09,3.9307986846486527,81.0
711,RGI09,3.941455331400753,80.0
712,RGI09,4.10009837781178,38.0
713,RGI09,4.37997677800201,26.0
714,RGI09,4.534325025231115,45.0
715,RGI09,4.617751174879019,34.0
716,RGI09,5.17054329301376,19.0
717,RGI09,5.780495049230715,17.0
718,RGI09,5.78930497817028,25.0
719,RGI09,6.824360785697311,13.0
720,RGI10,-0.2035287736460141,
721,RGI10,-0.1919133257011854,
722,RGI10,0.0233736138284338,
723,RGI10,0.0416562514146835,
724,RGI10,0.1309476951352631,
725,RGI10,0.1714087884401599,50.0
726,RGI10,0.177421026244157,
727,RGI10,0.1924779717488781,
728,RGI10,0.2428923844731737,39.5
729,RGI10,0.2930089022449859,36.0
730,RGI10,0.2935286605061203,39.5
731,RGI10,0.3130946460350731,34.5
732,RGI10,0.3226520320932923,
733,RGI10,0.3322811293371855,48.5
734,RGI10,0.4182885643249491,43.0
735,RGI10,0.8414667339962786,30.0
736,RGI10,0.8449395549636868,36.5
737,RGI10,0.8533131458033562,27.5
738,RGI10,0.8622489478058092,32.0
739,RGI10,0.9987674077643272,33.0
740,RGI10,1.4091135287002734,26.5
741,RGI10,1.4285639337566964,29.0
742,RGI10,1.4337790687750325,23.0
743,RGI10,1.4337916253328808,23.0
744,RGI10,1.4683027574212977,25.0
745,RGI10,1.4698023875255355,26.0
746,RGI10,1.576714986028974,24.0
747,RGI10,1.596830649489223,22.0
748,RGI10,1.5999956464695364,21.0
749,RGI10,1.6049099413881018,20.5
750,RGI10,1.6181632715811345,20.5
751,RGI10,1.618749771523805,20.5
752,RGI10,1.6244760802167617,20.5
753,RGI10,1.6356898951470908,22.5
754,RGI10,1.6454887108734946,20.0
755,RGI10,1.6663241376269964,21.5
756,RGI10,1.670055607540898,23.0
757,RGI10,1.851734678845783,17.0
758,RGI10,1.887787940884185,23.0
759,RGI10,1.936245046811256,17.5
760,RGI10,1.9890754668449475,18.0
761,RGI10,1.9896075314919832,21.0
762,RGI10,2.0312659163195166,18.0
763,RGI10,2.032677030991532,17.5
764,RGI10,2.0796524250416253,17.0
765,RGI10,2.1112205231308154,15.5
766,RGI10,2.116143897725037,16.5
767,RGI10,2.129115489502097,19.0
768,RGI10,2.131208340613269,16.0
769,RGI10,2.2597325111266047,14.0
770,RGI10,2.2633173057330724,14.5
771,RGI10,2.344955505633247,16.5
772,RGI10,2.5348271367994477,14.0
773,RGI10,2.627006726396547,16.0
774,RGI10,2.658961154542893,14.5
775,RGI10,2.679834875299014,11.5
776,RGI10,2.7541615409733486,16.0
777,RGI10,2.783937216517189,13.5
778,RGI10,2.8903469538244115,14.0
779,RGI10,2.891472321285355,11.5
780,RGI10,2.978482494458876,10.5
781,RGI10,2.988039247761285,14.0
782,RGI10,3.045613246951532,14.5
783,RGI10,3.354119753355767,10.5
784,RGI10,3.3945105505178423,11.5
785,RGI10,3.453114748093524,10.5
786,RGI10,3.4723191142029632,12.5
787,RGI10,3.481685753482952,12.5
788,RGI10,3.586967337572662,9.5
789,RGI10,3.751452139882864,11.0
790,RGI10,3.9307986846486527,9.0
791,RGI10,3.941455331400753,9.5
792,RGI10,4.10009837781178,8.0
793,RGI10,4.37997677800201,7.5
794,RGI10,4.534325025231115,9.5
795,RGI10,4.617751174879019,7.5
796,RGI10,5.17054329301376,6.0
797,RGI10,5.780495049230715,5.5
798,RGI10,5.78930497817028,5.5
799,RGI10,6.824360785697311,5.0
800,RGI11,-0.2035287736460141,
801,RGI11,-0.1919133257011854,
802,RGI11,0.0233736138284338,34.0
803,RGI11,0.0416562514146835,39.0
804,RGI11,0.1309476951352631,30.0
805,RGI11,0.1714087884401599,28.0
806,RGI11,0.177421026244157,
807,RGI11,0.1924779717488781,39.0
808,RGI11,0.2428923844731737,
809,RGI11,0.2930089022449859,30.0
810,RGI11,0.2935286605061203,34.0
811,RGI11,0.3130946460350731,37.5
812,RGI11,0.3226520320932923,43.0
813,RGI11,0.3322811293371855,29.0
814,RGI11,0.4182885643249491,29.5
815,RGI11,0.8414667339962786,24.0
816,RGI11,0.8449395549636868,27.5
817,RGI11,0.8533131458033562,29.0
818,RGI11,0.8622489478058092,31.0
819,RGI11,0.9987674077643272,30.0
820,RGI11,1.4091135287002734,22.0
821,RGI11,1.4285639337566964,22.0
822,RGI11,1.4337790687750325,21.0
823,RGI11,1.4337916253328808,18.0
824,RGI11,1.4683027574212977,22.0
825,RGI11,1.4698023875255355,22.0
826,RGI11,1.576714986028974,19.0
827,RGI11,1.596830649489223,16.0
828,RGI11,1.5999956464695364,23.0
829,RGI11,1.6049099413881018,17.0
830,RGI11,1.6181632715811345,16.0
831,RGI11,1.618749771523805,19.0
832,RGI11,1.6244760802167617,20.0
833,RGI11,1.6356898951470908,23.0
834,RGI11,1.6454887108734946,16.0
835,RGI11,1.6663241376269964,15.0
836,RGI11,1.670055607540898,18.0
837,RGI11,1.851734678845783,14.0
838,RGI11,1.887787940884185,18.0
839,RGI11,1.936245046811256,16.0
840,RGI11,1.9890754668449475,14.0
841,RGI11,1.9896075314919832,15.0
842,RGI11,2.0312659163195166,15.0
843,RGI11,2.032677030991532,16.0
844,RGI11,2.0796524250416253,15.0
845,RGI11,2.1112205231308154,15.0
846,RGI11,2.116143897725037,13.0
847,RGI11,2.129115489502097,16.0
848,RGI11,2.131208340613269,14.0
849,RGI11,2.2597325111266047,13.0
850,RGI11,2.2633173057330724,14.0
851,RGI11,2.344955505633247,15.0
852,RGI11,2.5348271367994477,13.0
853,RGI11,2.627006726396547,13.0
854,RGI11,2.658961154542893,11.0
855,RGI11,2.679834875299014,10.0
856,RGI11,2.7541615409733486,11.0
857,RGI11,2.783937216517189,9.0
858,RGI11,2.8903469538244115,12.0
859,RGI11,2.891472321285355,10.0
860,RGI11,2.978482494458876,10.0
861,RGI11,2.988039247761285,11.0
862,RGI11,3.045613246951532,11.0
863,RGI11,3.354119753355767,8.0
864,RGI11,3.3945105505178423,9.0
865,RGI11,3.453114748093524,8.0
866,RGI11,3.4723191142029632,9.0
867,RGI11,3.481685753482952,9.0
868,RGI11,3.586967337572662,7.0
869,RGI11,3.751452139882864,9.0
870,RGI11,3.9307986846486527,7.0
871,RGI11,3.941455331400753,7.0
872,RGI11,4.10009837781178,6.0
873,RGI11,4.37997677800201,6.0
874,RGI11,4.534325025231115,7.0
875,RGI11,4.617751174879019,6.0
876,RGI11,5.17054329301376,5.0
877,RGI11,5.780495049230715,5.0
878,RGI11,5.78930497817028,5.0
879,RGI11,6.824360785697311,4.0
880,RGI12,-0.2035287736460141,
881,RGI12,-0.1919133257011854,
882,RGI12,0.0233736138284338,
883,RGI12,0.0416562514146835,
884,RGI12,0.1309476951352631,
885,RGI12,0.1714087884401599,
886,RGI12,0.177421026244157,
887,RGI12,0.1924779717488781,
888,RGI12,0.2428923844731737,
889,RGI12,0.2930089022449859,
890,RGI12,0.2935286605061203,
891,RGI12,0.3130946460350731,
892,RGI12,0.3226520320932923,
893,RGI12,0.3322811293371855,
894,RGI12,0.4182885643249491,
895,RGI12,0.8414667339962786,19.0
896,RGI12,0.8449395549636868,
897,RGI12,0.8533131458033562,17.0
898,RGI12,0.8622489478058092,19.0
899,RGI12,0.9987674077643272,24.0
900,RGI12,1.4091135287002734,15.5
901,RGI12,1.4285639337566964,15.0
902,RGI12,1.4337790687750325,17.0
903,RGI12,1.4337916253328808,14.5
904,RGI12,1.4683027574212977,22.0
905,RGI12,1.4698023875255355,14.0
906,RGI12,1.576714986028974,15.0
907,RGI12,1.596830649489223,17.0
908,RGI12,1.5999956464695364,16.0
909,RGI12,1.6049099413881018,13.5
910,RGI12,1.6181632715811345,14.0
911,RGI12,1.618749771523805,12.5
912,RGI12,1.6244760802167617,12.5
913,RGI12,1.6356898951470908,17.0
914,RGI12,1.6454887108734946,12.0
915,RGI12,1.6663241376269964,14.5
916,RGI12,1.670055607540898,14.5
917,RGI12,1.851734678845783,12.0
918,RGI12,1.887787940884185,14.0
919,RGI12,1.936245046811256,13.0
920,RGI12,1.9890754668449475,12.5
921,RGI12,1.9896075314919832,12.5
922,RGI12,2.0312659163195166,12.0
923,RGI12,2.032677030991532,14.0
924,RGI12,2.0796524250416253,15.0
925,RGI12,2.1112205231308154,13.5
926,RGI12,2.116143897725037,14.5
927,RGI12,2.129115489502097,11.5
928,RGI12,2.131208340613269,10.5
929,RGI12,2.2597325111266047,12.0
930,RGI12,2.2633173057330724,11.5
931,RGI12,2.344955505633247,11.0
932,RGI12,2.5348271367994477,10.5
933,RGI12,2.627006726396547,10.5
934,RGI12,2.658961154542893,10.0
935,RGI12,2.679834875299014,10.5
936,RGI12,2.7541615409733486,9.0
937,RGI12,2.783937216517189,10.0
938,RGI12,2.8903469538244115,9.0
939,RGI12,2.891472321285355,9.0
940,RGI12,2.978482494458876,10.5
941,RGI12,2.988039247761285,8.5
942,RGI12,3.045613246951532,9.0
943,RGI12,3.354119753355767,7.0
944,RGI12,3.3945105505178423,7.0
945,RGI12,3.453114748093524,7.0
946,RGI12,3.4723191142029632,7.0
947,RGI12,3.481685753482952,7.0
948,RGI12,3.586967337572662,7.0
949,RGI12,3.751452139882864,7.5
950,RGI12,3.9307986846486527,6.5
951,RGI12,3.941455331400753,6.5
952,RGI12,4.10009837781178,7.0
953,RGI12,4.37997677800201,6.5
954,RGI12,4.534325025231115,6.0
955,RGI12,4.617751174879019,5.0
956,RGI12,5.17054329301376,5.0
957,RGI12,5.780495049230715,4.5
958,RGI12,5.78930497817028,4.0
959,RGI12,6.824360785697311,4.0
960,RGI13,-0.2035287736460141,
961,RGI13,-0.1919133257011854,
962,RGI13,0.0233736138284338,
963,RGI13,0.0416562514146835,
964,RGI13,0.1309476951352631,109.0
965,RGI13,0.1714087884401599,82.0
966,RGI13,0.177421026244157,85.0
967,RGI13,0.1924779717488781,130.0
968,RGI13,0.2428923844731737,
969,RGI13,0.2930089022449859,98.0
970,RGI13,0.2935286605061203,64.0
971,RGI13,0.3130946460350731,66.0
972,RGI13,0.3226520320932923,102.0
973,RGI13,0.3322811293371855,89.0
974,RGI13,0.4182885643249491,66.0
975,RGI13,0.8414667339962786,57.0
976,RGI13,0.8449395549636868,64.0
977,RGI13,0.8533131458033562,55.0
978,RGI13,0.8622489478058092,60.0
979,RGI13,0.9987674077643272,55.0
980,RGI13,1.4091135287002734,35.0
981,RGI13,1.4285639337566964,43.0
982,RGI13,1.4337790687750325,39.0
983,RGI13,1.4337916253328808,42.0
984,RGI13,1.4683027574212977,35.5
985,RGI13,1.4698023875255355,32.0
986,RGI13,1.576714986028974,37.0
987,RGI13,1.596830649489223,38.0
988,RGI13,1.5999956464695364,34.0
989,RGI13,1.6049099413881018,33.5
990,RGI13,1.6181632715811345,38.0
991,RGI13,1.618749771523805,33.5
992,RGI13,1.6244760802167617,34.5
993,RGI13,1.6356898951470908,40.0
994,RGI13,1.6454887108734946,33.5
995,RGI13,1.6663241376269964,33.0
996,RGI13,1.670055607540898,29.0
997,RGI13,1.851734678845783,33.0
998,RGI13,1.887787940884185,33.5
999,RGI13,1.936245046811256,30.5
1000,RGI13,1.9890754668449475,31.5
1001,RGI13,1.9896075314919832,28.0
1002,RGI13,2.0312659163195166,32.0
1003,RGI13,2.032677030991532,31.0
1004,RGI13,2.0796524250416253,31.5
1005,RGI13,2.1112205231308154,29.0
1006,RGI13,2.116143897725037,32.0
1007,RGI13,2.129115489502097,26.0
1008,RGI13,2.131208340613269,30.0
1009,RGI13,2.2597325111266047,30.0
1010,RGI13,2.2633173057330724,33.0
1011,RGI13,2.344955505633247,28.5
1012,RGI13,2.5348271367994477,26.5
1013,RGI13,2.627006726396547,26.5
1014,RGI13,2.658961154542893,25.5
1015,RGI13,2.679834875299014,26.0
1016,RGI13,2.7541615409733486,24.5
1017,RGI13,2.783937216517189,23.0
1018,RGI13,2.8903469538244115,22.5
1019,RGI13,2.891472321285355,23.0
1020,RGI13,2.978482494458876,22.0
1021,RGI13,2.988039247761285,24.0
1022,RGI13,3.045613246951532,23.0
1023,RGI13,3.354119753355767,23.0
1024,RGI13,3.3945105505178423,19.5
1025,RGI13,3.453114748093524,18.0
1026,RGI13,3.4723191142029632,20.5
1027,RGI13,3.481685753482952,19.5
1028,RGI13,3.586967337572662,20.0
1029,RGI13,3.751452139882864,19.0
1030,RGI13,3.9307986846486527,16.0
1031,RGI13,3.941455331400753,19.0
1032,RGI13,4.10009837781178,15.5
1033,RGI13,4.37997677800201,16.0
1034,RGI13,4.534325025231115,15.0
1035,RGI13,4.617751174879019,13.5
1036,RGI13,5.17054329301376,14.5
1037,RGI13,5.780495049230715,12.0
1038,RGI13,5.78930497817028,10.0
1039,RGI13,6.824360785697311,9.5
1040,RGI14,-0.2035287736460141,
1041,RGI14,-0.1919133257011854,
1042,RGI14,0.0233736138284338,
1043,RGI14,0.0416562514146835,
1044,RGI14,0.1309476951352631,
1045,RGI14,0.1714087884401599,64.0
1046,RGI14,0.177421026244157,71.0
1047,RGI14,0.1924779717488781,
1048,RGI14,0.2428923844731737,69.0
1049,RGI14,0.2930089022449859,
1050,RGI14,0.2935286605061203,64.0
1051,RGI14,0.3130946460350731,66.0
1052,RGI14,0.3226520320932923,
1053,RGI14,0.3322811293371855,
1054,RGI14,0.4182885643249491,64.0
1055,RGI14,0.8414667339962786,60.0
1056,RGI14,0.8449395549636868,67.0
1057,RGI14,0.8533131458033562,62.0
1058,RGI14,0.8622489478058092,66.0
1059,RGI14,0.9987674077643272,63.0
1060,RGI14,1.4091135287002734,61.0
1061,RGI14,1.4285639337566964,58.0
1062,RGI14,1.4337790687750325,59.0
1063,RGI14,1.4337916253328808,56.0
1064,RGI14,1.4683027574212977,53.5
1065,RGI14,1.4698023875255355,52.0
1066,RGI14,1.576714986028974,51.0
1067,RGI14,1.596830649489223,56.0
1068,RGI14,1.5999956464695364,56.0
1069,RGI14,1.6049099413881018,55.0
1070,RGI14,1.6181632715811345,53.0
1071,RGI14,1.618749771523805,50.5
1072,RGI14,1.6244760802167617,40.0
1073,RGI14,1.6356898951470908,58.0
1074,RGI14,1.6454887108734946,54.0
1075,RGI14,1.6663241376269964,46.0
1076,RGI14,1.670055607540898,40.0
1077,RGI14,1.851734678845783,43.5
1078,RGI14,1.887787940884185,51.0
1079,RGI14,1.936245046811256,45.5
1080,RGI14,1.9890754668449475,38.0
1081,RGI14,1.9896075314919832,38.5
1082,RGI14,2.0312659163195166,44.0
1083,RGI14,2.032677030991532,43.0
1084,RGI14,2.0796524250416253,37.5
1085,RGI14,2.1112205231308154,35.0
1086,RGI14,2.116143897725037,37.5
1087,RGI14,2.129115489502097,35.0
1088,RGI14,2.131208340613269,35.0
1089,RGI14,2.2597325111266047,36.0
1090,RGI14,2.2633173057330724,37.5
1091,RGI14,2.344955505633247,35.5
1092,RGI14,2.5348271367994477,28.0
1093,RGI14,2.627006726396547,33.0
1094,RGI14,2.658961154542893,34.0
1095,RGI14,2.679834875299014,31.0
1096,RGI14,2.7541615409733486,28.0
1097,RGI14,2.783937216517189,27.0
1098,RGI14,2.8903469538244115,26.0
1099,RGI14,2.891472321285355,29.0
1100,RGI14,2.978482494458876,30.0
1101,RGI14,2.988039247761285,30.0
1102,RGI14,3.045613246951532,32.0
1103,RGI14,3.354119753355767,31.5
1104,RGI14,3.3945105505178423,27.5
1105,RGI14,3.453114748093524,25.0
1106,RGI14,3.4723191142029632,26.0
1107,RGI14,3.481685753482952,26.5
1108,RGI14,3.586967337572662,23.5
1109,RGI14,3.751452139882864,29.0
1110,RGI14,3.9307986846486527,22.0
1111,RGI14,3.941455331400753,26.5
1112,RGI14,4.10009837781178,21.0
1113,RGI14,4.37997677800201,21.5
1114,RGI14,4.534325025231115,22.5
1115,RGI14,4.617751174879019,20.5
1116,RGI14,5.17054329301376,20.0
1117,RGI14,5.780495049230715,16.5
1118,RGI14,5.78930497817028,16.0
1119,RGI14,6.824360785697311,13.0
1120,RGI15,-0.2035287736460141,
1121,RGI15,-0.1919133257011854,
1122,RGI15,0.0233736138284338,
1123,RGI15,0.0416562514146835,
1124,RGI15,0.1309476951352631,49.0
1125,RGI15,0.1714087884401599,51.0
1126,RGI15,0.177421026244157,33.0
1127,RGI15,0.1924779717488781,40.5
1128,RGI15,0.2428923844731737,32.0
1129,RGI15,0.2930089022449859,
1130,RGI15,0.2935286605061203,39.5
1131,RGI15,0.3130946460350731,30.0
1132,RGI15,0.3226520320932923,43.5
1133,RGI15,0.3322811293371855,55.0
1134,RGI15,0.4182885643249491,49.0
1135,RGI15,0.8414667339962786,30.0
1136,RGI15,0.8449395549636868,30.0
1137,RGI15,0.8533131458033562,27.0
1138,RGI15,0.8622489478058092,32.5
1139,RGI15,0.9987674077643272,26.0
1140,RGI15,1.4091135287002734,20.5
1141,RGI15,1.4285639337566964,21.5
1142,RGI15,1.4337790687750325,21.5
1143,RGI15,1.4337916253328808,21.5
1144,RGI15,1.4683027574212977,20.5
1145,RGI15,1.4698023875255355,23.0
1146,RGI15,1.576714986028974,18.0
1147,RGI15,1.596830649489223,19.5
1148,RGI15,1.5999956464695364,21.0
1149,RGI15,1.6049099413881018,19.5
1150,RGI15,1.6181632715811345,19.0
1151,RGI15,1.618749771523805,21.0
1152,RGI15,1.6244760802167617,20.0
1153,RGI15,1.6356898951470908,21.0
1154,RGI15,1.6454887108734946,19.0
1155,RGI15,1.6663241376269964,18.0
1156,RGI15,1.670055607540898,19.0
1157,RGI15,1.851734678845783,18.0
1158,RGI15,1.887787940884185,17.5
1159,RGI15,1.936245046811256,15.5
1160,RGI15,1.9890754668449475,16.5
1161,RGI15,1.9896075314919832,18.0
1162,RGI15,2.0312659163195166,17.0
1163,RGI15,2.032677030991532,17.5
1164,RGI15,2.0796524250416253,17.5
1165,RGI15,2.1112205231308154,16.0
1166,RGI15,2.116143897725037,18.0
1167,RGI15,2.129115489502097,17.0
1168,RGI15,2.131208340613269,15.5
1169,RGI15,2.2597325111266047,17.5
1170,RGI15,2.2633173057330724,16.0
1171,RGI15,2.344955505633247,16.5
1172,RGI15,2.5348271367994477,15.0
1173,RGI15,2.627006726396547,14.0
1174,RGI15,2.658961154542893,14.5
1175,RGI15,2.679834875299014,16.5
1176,RGI15,2.7541615409733486,13.5
1177,RGI15,2.783937216517189,14.5
1178,RGI15,2.8903469538244115,13.0
1179,RGI15,2.891472321285355,14.5
1180,RGI15,2.978482494458876,14.0
1181,RGI15,2.988039247761285,13.0
1182,RGI15,3.045613246951532,13.0
1183,RGI15,3.354119753355767,13.5
1184,RGI15,3.3945105505178423,11.5
1185,RGI15,3.453114748093524,11.0
1186,RGI15,3.4723191142029632,11.0
1187,RGI15,3.481685753482952,10.5
1188,RGI15,3.586967337572662,12.5
1189,RGI15,3.751452139882864,10.5
1190,RGI15,3.9307986846486527,9.5
1191,RGI15,3.941455331400753,12.0
1192,RGI15,4.10009837781178,9.0
1193,RGI15,4.37997677800201,10.0
1194,RGI15,4.534325025231115,8.0
1195,RGI15,4.617751174879019,7.0
1196,RGI15,5.17054329301376,9.0
1197,RGI15,5.780495049230715,7.5
1198,RGI15,5.78930497817028,5.5
1199,RGI15,6.824360785697311,6.5
1200,RGI16,-0.2035287736460141,
1201,RGI16,-0.1919133257011854,
1202,RGI16,0.0233736138284338,
1203,RGI16,0.0416562514146835,
1204,RGI16,0.1309476951352631,
1205,RGI16,0.1714087884401599,
1206,RGI16,0.177421026244157,
1207,RGI16,0.1924779717488781,
1208,RGI16,0.2428923844731737,
1209,RGI16,0.2930089022449859,
1210,RGI16,0.2935286605061203,
1211,RGI16,0.3130946460350731,
1212,RGI16,0.3226520320932923,
1213,RGI16,0.3322811293371855,
1214,RGI16,0.4182885643249491,
1215,RGI16,0.8414667339962786,6.5
1216,RGI16,0.8449395549636868,8.0
1217,RGI16,0.8533131458033562,6.5
1218,RGI16,0.8622489478058092,6.0
1219,RGI16,0.9987674077643272,10.5
1220,RGI16,1.4091135287002734,12.0
1221,RGI16,1.4285639337566964,9.5
1222,RGI16,1.4337790687750325,11.5
1223,RGI16,1.4337916253328808,10.0
1224,RGI16,1.4683027574212977,8.0
1225,RGI16,1.4698023875255355,10.5
1226,RGI16,1.576714986028974,8.5
1227,RGI16,1.596830649489223,8.5
1228,RGI16,1.5999956464695364,10.0
1229,RGI16,1.6049099413881018,8.5
1230,RGI16,1.6181632715811345,8.5
1231,RGI16,1.618749771523805,9.0
1232,RGI16,1.6244760802167617,10.0
1233,RGI16,1.6356898951470908,9.0
1234,RGI16,1.6454887108734946,10.5
1235,RGI16,1.6663241376269964,9.5
1236,RGI16,1.670055607540898,9.5
1237,RGI16,1.851734678845783,8.5
1238,RGI16,1.887787940884185,8.0
1239,RGI16,1.936245046811256,8.5
1240,RGI16,1.9890754668449475,7.5
1241,RGI16,1.9896075314919832,7.0
1242,RGI16,2.0312659163195166,7.5
1243,RGI16,2.032677030991532,7.0
1244,RGI16,2.0796524250416253,6.5
1245,RGI16,2.1112205231308154,7.0
1246,RGI16,2.116143897725037,7.5
1247,RGI16,2.129115489502097,6.0
1248,RGI16,2.131208340613269,7.5
1249,RGI16,2.2597325111266047,8.0
1250,RGI16,2.2633173057330724,7.0
1251,RGI16,2.344955505633247,7.0
1252,RGI16,2.5348271367994477,5.5
1253,RGI16,2.627006726396547,6.0
1254,RGI16,2.658961154542893,5.5
1255,RGI16,2.679834875299014,5.5
1256,RGI16,2.7541615409733486,5.0
1257,RGI16,2.783937216517189,5.0
1258,RGI16,2.8903469538244115,5.0
1259,RGI16,2.891472321285355,6.5
1260,RGI16,2.978482494458876,6.0
1261,RGI16,2.988039247761285,5.0
1262,RGI16,3.045613246951532,5.0
1263,RGI16,3.354119753355767,5.0
1264,RGI16,3.3945105505178423,4.0
1265,RGI16,3.453114748093524,4.0
1266,RGI16,3.4723191142029632,4.0
1267,RGI16,3.481685753482952,4.5
1268,RGI16,3.586967337572662,5.0
1269,RGI16,3.751452139882864,4.0
1270,RGI16,3.9307986846486527,4.0
1271,RGI16,3.941455331400753,4.0
1272,RGI16,4.10009837781178,4.0
1273,RGI16,4.37997677800201,3.0
1274,RGI16,4.534325025231115,3.0
1275,RGI16,4.617751174879019,3.0
1276,RGI16,5.17054329301376,3.0
1277,RGI16,5.780495049230715,3.0
1278,RGI16,5.78930497817028,3.0
1279,RGI16,6.824360785697311,2.0
1280,RGI17,-0.2035287736460141,
1281,RGI17,-0.1919133257011854,
1282,RGI17,0.0233736138284338,46.0
1283,RGI17,0.0416562514146835,58.0
1284,RGI17,0.1309476951352631,43.5
1285,RGI17,0.1714087884401599,51.0
1286,RGI17,0.177421026244157,
1287,RGI17,0.1924779717488781,22.0
1288,RGI17,0.2428923844731737,48.0
1289,RGI17,0.2930089022449859,46.0
1290,RGI17,0.2935286605061203,
1291,RGI17,0.3130946460350731,
1292,RGI17,0.3226520320932923,40.0
1293,RGI17,0.3322811293371855,52.0
1294,RGI17,0.4182885643249491,53.0
1295,RGI17,0.8414667339962786,44.0
1296,RGI17,0.8449395549636868,42.0
1297,RGI17,0.8533131458033562,42.0
1298,RGI17,0.8622489478058092,44.0
1299,RGI17,0.9987674077643272,46.0
1300,RGI17,1.4091135287002734,37.0
1301,RGI17,1.4285639337566964,40.5
1302,RGI17,1.4337790687750325,41.0
1303,RGI17,1.4337916253328808,42.0
1304,RGI17,1.4683027574212977,37.0
1305,RGI17,1.4698023875255355,37.5
1306,RGI17,1.576714986028974,36.5
1307,RGI17,1.596830649489223,36.0
1308,RGI17,1.5999956464695364,39.5
1309,RGI17,1.6049099413881018,37.0
1310,RGI17,1.6181632715811345,36.5
1311,RGI17,1.618749771523805,40.5
1312,RGI17,1.6244760802167617,38.5
1313,RGI17,1.6356898951470908,38.0
1314,RGI17,1.6454887108734946,41.0
1315,RGI17,1.6663241376269964,39.5
1316,RGI17,1.670055607540898,37.5
1317,RGI17,1.851734678845783,40.0
1318,RGI17,1.887787940884185,33.5
1319,RGI17,1.936245046811256,38.0
1320,RGI17,1.9890754668449475,35.5
1321,RGI17,1.9896075314919832,35.5
1322,RGI17,2.0312659163195166,36.5
1323,RGI17,2.032677030991532,34.5
1324,RGI17,2.0796524250416253,36.5
1325,RGI17,2.1112205231308154,34.0
1326,RGI17,2.116143897725037,34.0
1327,RGI17,2.129115489502097,35.0
1328,RGI17,2.131208340613269,36.5
1329,RGI17,2.2597325111266047,36.0
1330,RGI17,2.2633173057330724,34.5
1331,RGI17,2.344955505633247,35.5
1332,RGI17,2.5348271367994477,32.5
1333,RGI17,2.627006726396547,31.5
1334,RGI17,2.658961154542893,32.0
1335,RGI17,2.679834875299014,33.0
1336,RGI17,2.7541615409733486,31.0
1337,RGI17,2.783937216517189,29.0
1338,RGI17,2.8903469538244115,30.0
1339,RGI17,2.891472321285355,32.5
1340,RGI17,2.978482494458876,31.0
1341,RGI17,2.988039247761285,30.0
1342,RGI17,3.045613246951532,29.0
1343,RGI17,3.354119753355767,26.0
1344,RGI17,3.3945105505178423,26.0
1345,RGI17,3.453114748093524,25.0
1346,RGI17,3.4723191142029632,27.0
1347,RGI17,3.481685753482952,27.0
1348,RGI17,3.586967337572662,25.0
1349,RGI17,3.751452139882864,24.0
1350,RGI17,3.9307986846486527,23.0
1351,RGI17,3.941455331400753,24.0
1352,RGI17,4.10009837781178,23.0
1353,RGI17,4.37997677800201,21.0
1354,RGI17,4.534325025231115,21.0
1355,RGI17,4.617751174879019,21.0
1356,RGI17,5.17054329301376,19.0
1357,RGI17,5.780495049230715,17.0
1358,RGI17,5.78930497817028,20.0
1359,RGI17,6.824360785697311,15.0
1360,RGI18,-0.2035287736460141,
1361,RGI18,-0.1919133257011854,
1362,RGI18,0.0233736138284338,
1363,RGI18,0.0416562514146835,
1364,RGI18,0.1309476951352631,
1365,RGI18,0.1714087884401599,
1366,RGI18,0.177421026244157,
1367,RGI18,0.1924779717488781,
1368,RGI18,0.2428923844731737,28.0
1369,RGI18,0.2930089022449859,22.0
1370,RGI18,0.2935286605061203,
1371,RGI18,0.3130946460350731,
1372,RGI18,0.3226520320932923,
1373,RGI18,0.3322811293371855,
1374,RGI18,0.4182885643249491,
1375,RGI18,0.8414667339962786,18.5
1376,RGI18,0.8449395549636868,25.0
1377,RGI18,0.8533131458033562,22.0
1378,RGI18,0.8622489478058092,15.5
1379,RGI18,0.9987674077643272,15.5
1380,RGI18,1.4091135287002734,12.0
1381,RGI18,1.4285639337566964,12.0
1382,RGI18,1.4337790687750325,11.0
1383,RGI18,1.4337916253328808,16.0
1384,RGI18,1.4683027574212977,17.0
1385,RGI18,1.4698023875255355,17.5
1386,RGI18,1.576714986028974,12.0
1387,RGI18,1.596830649489223,14.5
1388,RGI18,1.5999956464695364,12.5
1389,RGI18,1.6049099413881018,15.0
1390,RGI18,1.6181632715811345,13.0
1391,RGI18,1.618749771523805,14.5
1392,RGI18,1.6244760802167617,13.0
1393,RGI18,1.6356898951470908,13.0
1394,RGI18,1.6454887108734946,15.0
1395,RGI18,1.6663241376269964,13.0
1396,RGI18,1.670055607540898,14.0
1397,RGI18,1.851734678845783,17.0
1398,RGI18,1.887787940884185,12.0
1399,RGI18,1.936245046811256,15.0
1400,RGI18,1.9890754668449475,13.0
1401,RGI18,1.9896075314919832,14.0
1402,RGI18,2.0312659163195166,11.0
1403,RGI18,2.032677030991532,13.0
1404,RGI18,2.0796524250416253,12.5
1405,RGI18,2.1112205231308154,13.0
1406,RGI18,2.116143897725037,11.0
1407,RGI18,2.129115489502097,13.0
1408,RGI18,2.131208340613269,11.5
1409,RGI18,2.2597325111266047,11.5
1410,RGI18,2.2633173057330724,14.0
1411,RGI18,2.344955505633247,12.0
1412,RGI18,2.5348271367994477,10.0
1413,RGI18,2.627006726396547,10.5
1414,RGI18,2.658961154542893,10.0
1415,RGI18,2.679834875299014,12.0
1416,RGI18,2.7541615409733486,11.5
1417,RGI18,2.783937216517189,10.0
1418,RGI18,2.8903469538244115,11.0
1419,RGI18,2.891472321285355,11.0
1420,RGI18,2.978482494458876,11.0
1421,RGI18,2.988039247761285,9.5
1422,RGI18,3.045613246951532,9.0
1423,RGI18,3.354119753355767,10.5
1424,RGI18,3.3945105505178423,7.5
1425,RGI18,3.453114748093524,8.5
1426,RGI18,3.4723191142029632,8.5
1427,RGI18,3.481685753482952,9.0
1428,RGI18,3.586967337572662,8.0
1429,RGI18,3.751452139882864,7.5
1430,RGI18,3.9307986846486527,7.5
1431,RGI18,3.941455331400753,7.5
1432,RGI18,4.10009837781178,7.5
1433,RGI18,4.37997677800201,7.5
1434,RGI18,4.534325025231115,6.5
1435,RGI18,4.617751174879019,7.0
1436,RGI18,5.17054329301376,7.0
1437,RGI18,5.780495049230715,5.5
1438,RGI18,5.78930497817028,6.0
1439,RGI18,6.824360785697311,5.0
1440,RGI19,-0.2035287736460141,551.0
1441,RGI19,-0.1919133257011854,540.0
1442,RGI19,0.0233736138284338,332.0
1443,RGI19,0.0416562514146835,
1444,RGI19,0.1309476951352631,333.0
1445,RGI19,0.1714087884401599,
1446,RGI19,0.177421026244157,493.0
1447,RGI19,0.1924779717488781,
1448,RGI19,0.2428923844731737,455.5
1449,RGI19,0.2930089022449859,518.5
1450,RGI19,0.2935286605061203,512.5
1451,RGI19,0.3130946460350731,531.5
1452,RGI19,0.3226520320932923,512.5
1453,RGI19,0.3322811293371855,351.0
1454,RGI19,0.4182885643249491,326.0
1455,RGI19,0.8414667339962786,487.5
1456,RGI19,0.8449395549636868,445.0
1457,RGI19,0.8533131458033562,438.5
1458,RGI19,0.8622489478058092,470.5
1459,RGI19,0.9987674077643272,491.5
1460,RGI19,1.4091135287002734,319.0
1461,RGI19,1.4285639337566964,405.0
1462,RGI19,1.4337790687750325,304.0
1463,RGI19,1.4337916253328808,289.0
1464,RGI19,1.4683027574212977,299.0
1465,RGI19,1.4698023875255355,281.0
1466,RGI19,1.576714986028974,284.0
1467,RGI19,1.596830649489223,304.0
1468,RGI19,1.5999956464695364,311.0
1469,RGI19,1.6049099413881018,262.0
1470,RGI19,1.6181632715811345,286.0
1471,RGI19,1.618749771523805,284.0
1472,RGI19,1.6244760802167617,281.0
1473,RGI19,1.6356898951470908,300.0
1474,RGI19,1.6454887108734946,314.0
1475,RGI19,1.6663241376269964,303.0
1476,RGI19,1.670055607540898,285.0
1477,RGI19,1.851734678845783,296.0
1478,RGI19,1.887787940884185,249.0
1479,RGI19,1.936245046811256,297.0
1480,RGI19,1.9890754668449475,253.0
1481,RGI19,1.9896075314919832,288.0
1482,RGI19,2.0312659163195166,285.0
1483,RGI19,2.032677030991532,272.0
1484,RGI19,2.0796524250416253,280.0
1485,RGI19,2.1112205231308154,276.0
1486,RGI19,2.116143897725037,315.0
1487,RGI19,2.129115489502097,255.0
1488,RGI19,2.131208340613269,270.0
1489,RGI19,2.2597325111266047,276.0
1490,RGI19,2.2633173057330724,293.0
1491,RGI19,2.344955505633247,257.0
1492,RGI19,2.5348271367994477,174.5
1493,RGI19,2.627006726396547,245.0
1494,RGI19,2.658961154542893,227.0
1495,RGI19,2.679834875299014,255.0
1496,RGI19,2.7541615409733486,230.0
1497,RGI19,2.783937216517189,154.0
1498,RGI19,2.8903469538244115,222.0
1499,RGI19,2.891472321285355,264.0
1500,RGI19,2.978482494458876,240.0
1501,RGI19,2.988039247761285,208.0
1502,RGI19,3.045613246951532,160.5
1503,RGI19,3.354119753355767,139.0
1504,RGI19,3.3945105505178423,175.5
1505,RGI19,3.453114748093524,134.5
1506,RGI19,3.4723191142029632,195.0
1507,RGI19,3.481685753482952,124.5
1508,RGI19,3.586967337572662,157.5
1509,RGI19,3.751452139882864,132.5
1510,RGI19,3.9307986846486527,156.5
1511,RGI19,3.941455331400753,118.0
1512,RGI19,4.10009837781178,110.0
1513,RGI19,4.37997677800201,89.5
1514,RGI19,4.534325025231115,75.5
1515,RGI19,4.617751174879019,101.5
1516,RGI19,5.17054329301376,85.5
1517,RGI19,5.780495049230715,51.5
1518,RGI19,5.78930497817028,75.0
1519,RGI19,6.824360785697311,42.5
